x,y,z
-993.0070334901823,-888.792614875078,-13.754299565887294
-992.1635204913001,-888.4074458853906,-13.821797281535382
-991.320007492418,-888.0207747897089,-13.889877805352931
-990.4764944935359,-887.6326015880331,-13.958542642383954
-989.6329814946537,-887.2429262803635,-14.02779330025561
-988.7894684957716,-886.8517488666994,-14.097631289152055
-987.9459554968895,-886.4590693470409,-14.16805812178692
-987.1024424980073,-886.0648877213885,-14.239075313376254
-986.2589294991252,-885.6692039897418,-14.3106843816105
-985.415416500243,-885.2720181521008,-14.38288684662654
-984.5719035013609,-884.8733302084659,-14.455684230979344
-983.7283905024788,-884.4731401588367,-14.529078059613113
-982.8848775035966,-884.0714480032132,-14.603069859832303
-982.0413645047145,-883.6682537415954,-14.677661161271843
-981.1978515058324,-883.2635573739838,-14.752853495867427
-980.3543385069503,-882.8573589003779,-14.828648397825695
-979.5108255080681,-882.4496583207774,-14.905047403593187
-978.667312509186,-882.0404556351832,-14.982052051825477
-977.8237995103038,-881.6297508435946,-15.059663883356322
-976.9802865114217,-881.2175439460118,-15.137884441165383
-976.1367735125395,-880.8038349424348,-15.216715270346718
-975.2932605136574,-880.3886238328637,-15.296157918075956
-974.4497475147753,-879.9719106172984,-15.376213933577866
-973.6062345158931,-879.5536952957389,-15.456884868092843
-972.762721517011,-879.1339778681852,-15.53817227484361
-971.9192085181289,-878.7127583346373,-15.62007770900096
-971.0756955192468,-878.2900366950951,-15.70260272764979
-970.2321825203646,-877.8658129495589,-15.785748889753783
-969.3886695214825,-877.4400870980285,-15.869517756120821
-968.5451565226003,-877.0128591405037,-15.95391088936703
-967.7016435237182,-876.5841290769849,-16.03892985388105
-966.858130524836,-876.153896907472,-16.124576215787236
-966.0146175259539,-875.7221626319647,-16.21085154290948
-965.1711045270717,-875.2889262504632,-16.297757404733375
-964.3275915281897,-874.8541877629677,-16.385295372368816
-963.4840785293075,-874.4179471694779,-16.473467018512046
-962.6405655304254,-873.9802044699939,-16.562273917406905
-961.7970525315433,-873.5409596645156,-16.651717644806
-960.9535395326611,-873.1002127530435,-16.741799777931277
-960.110026533779,-872.6579637355767,-16.832521895434297
-959.2665135348968,-872.2142126121162,-16.923885577355655
-958.4230005360147,-871.7689593826613,-17.01589240508479
-957.5794875371325,-871.3222040472119,-17.108543961318297
-956.7359745382505,-870.8739466057687,-17.201841830018452
-955.8924615393682,-870.4241870583314,-17.295787596371255
-955.0489485404862,-869.9729254048996,-17.390382846743854
-954.2054355416041,-869.5201616454738,-17.48562916864121
-953.3619225427219,-869.0658957800538,-17.58152815066297
-952.5184095438398,-868.6101278086394,-17.678081382459325
-951.6748965449576,-868.1528577312308,-17.775290454686548
-950.8313835460755,-867.6940855478283,-17.87315695896202
-949.9878705471933,-867.2338112584316,-17.971682487818867
-949.1443575483112,-866.7720348630405,-18.0708686346602
-948.300844549429,-866.3087563616552,-18.170716993712347
-947.457331550547,-865.843975754276,-18.271229159978148
-946.6138185516648,-865.3776930409024,-18.37240672918952
-945.7703055527827,-864.9099082215348,-18.4742512977595
-944.9267925539006,-864.4406212961726,-18.576764462733877
-944.0832795550184,-863.9698322648167,-18.67994782174211
-943.2397665561363,-863.4975411274663,-18.78380297294798
-942.3962535572541,-863.0237478841216,-18.88833151499945
-941.552740558372,-862.5484525347829,-18.993535046978188
-940.7092275594898,-862.0716550794502,-19.09941516834872
-939.8657145606078,-861.5933555181232,-19.205973478906515
-939.0222015617256,-861.1135538508017,-19.313211578725912
-938.1786885628435,-860.6322500774863,-19.421131068107492
-937.3351755639613,-860.1494441981768,-19.52973354752512
-936.4916625650792,-859.6651362128728,-19.639020617571475
-935.648149566197,-859.1793261215748,-19.748993878904407
-934.8046365673149,-858.6920139242827,-19.859654932191567
-933.9611235684328,-858.203199620996,-19.97100537805518
-933.1176105695506,-857.7128832117153,-20.08304681701577
-932.2740975706685,-857.2210646964409,-20.195780849435828
-931.4305845717863,-856.7277440751716,-20.309209075462334
-930.5870715729042,-856.2329213479084,-20.423333094969088
-929.7435585740221,-855.7365965146512,-20.538154507498355
-928.90004557514,-855.2387695753998,-20.65367491220178
-928.0565325762578,-854.7394405301538,-20.76989590778104
-927.2130195773757,-854.2386093789141,-20.886819092427324
-926.3695065784935,-853.73627612168,-21.00444606376073
-925.5259935796114,-853.2324407584515,-21.122778418769173
-924.6824805807292,-852.7271032892288,-21.241817753745714
-923.8389675818471,-852.2202637140124,-21.361565664226397
-922.995454582965,-851.7119220328016,-21.482023744927012
-922.1519415840828,-851.2020782455963,-21.603193589679
-921.3084285852008,-850.6907323523974,-21.725076791364778
-920.4649155863186,-850.1778843532038,-21.84767494185322
-919.6214025874365,-849.663534248016,-21.970989631933044
-918.7778895885543,-849.1476820368343,-22.095022451246855
-917.9343765896722,-848.6303277196585,-22.219774988223854
-917.09086359079,-848.1114712964882,-22.345248830012146
-916.2473505919079,-847.5911127673235,-22.47144556241021
-915.4038375930257,-847.0692521321653,-22.598366769797707
-914.5603245941436,-846.5458893910125,-22.7260140350662
-913.7168115952616,-846.0210245438655,-22.85438893954789
-912.8732985963793,-845.4946575907245,-22.98349306294506
-912.0297855974973,-844.9667885315891,-23.11332798325798
-911.1862725986151,-844.4374173664594,-23.243895276712713
-910.342759599733,-843.9065440953359,-23.375196517687186
-909.4992466008508,-843.374168718218,-23.507233278638118
-908.6557336019687,-842.8402912351057,-23.64000713002568
-907.8122206030865,-842.3049116459993,-23.773519640238632
-906.9687076042044,-841.7680299508991,-23.907772375517794
-906.1251946053223,-841.2296461498045,-24.042766899879616
-905.2816816064401,-840.6897602427152,-24.178504775038682
-904.438168607558,-840.1483722296325,-24.314987560328852
-903.5946556086759,-839.6054821105554,-24.452216812625096
-902.7511426097938,-839.0610898854839,-24.59019408626304
-901.9076296109116,-838.5151955544184,-24.7289209329589
-901.0641166120295,-837.9677991173585,-24.868398901728114
-900.2206036131473,-837.4189005743044,-25.008629538803227
-899.3770906142652,-836.8684999252562,-25.149614387551033
-898.533577615383,-836.316597170214,-25.2913549883895
-897.6900646165009,-835.7631923091774,-25.433852878702808
-896.8465516176188,-835.2082853421466,-25.577109592756678
-896.0030386187367,-834.6518762691219,-25.721126661612274
-895.1595256198545,-834.0939650901028,-25.86590561303955
-894.3160126209724,-833.5345518050892,-26.01144797142996
-893.4724996220903,-832.973636414082,-26.1577552577077
-892.6289866232081,-832.4112189170803,-26.304828989241017
-891.785473624326,-831.8472993140842,-26.452670679752202
-890.9419606254438,-831.2818776050942,-26.601281839226786
-890.0984476265617,-830.71495379011,-26.750663973821908
-889.2549346276795,-830.1465278691314,-26.900818585774253
-888.4114216287975,-829.5765998421589,-27.051747173306246
-887.5679086299153,-829.0051697091922,-27.20345123053267
-886.7243956310332,-828.4322374702313,-27.355932247365196
-885.880882632151,-827.8578031252757,-27.509191709416946
-885.0373696332689,-827.2818666743265,-27.66323109790558
-884.1938566343867,-826.704428117383,-27.818051889556152
-883.3503436355046,-826.1254874544452,-27.973655556502287
-882.5068306366225,-825.5450446855132,-28.13004356618754
-881.6633176377403,-824.9630998105872,-28.287217381264654
-880.8198046388582,-824.3796528296666,-28.44517845949509
-879.9762916399761,-823.7947037427521,-28.60392825364655
-879.132778641094,-823.2082525498436,-28.763468211390865
-878.2892656422118,-822.6202992509407,-28.923799775199733
-877.4457526433297,-822.0308438460434,-29.08492438224036
-876.6022396444475,-821.4398863351523,-29.2468434642698
-875.7587266455654,-820.8474267182669,-29.409558447528724
-874.9152136466832,-820.253464995387,-29.573070752633882
-874.0717006478011,-819.6580011665133,-29.73738179446979
-873.228187648919,-819.0610352316453,-29.902492982079472
-872.3846746500368,-818.4625671907829,-30.068405718554352
-871.5411616511547,-817.8625970439264,-30.235121400923035
-870.6976486522726,-817.2611247910761,-30.402641420039302
-869.8541356533905,-816.6581504322312,-30.570967160469092
-869.0106226545083,-816.0536739673921,-30.740100000376234
-868.1671096556262,-815.4476953965591,-30.910041311407504
-867.323596656744,-814.8402147197316,-31.08079245857698
-866.4800836578619,-814.23123193691,-31.252354800148613
-865.6365706589797,-813.6207470480945,-31.424729687518504
-864.7930576600976,-813.0087600532845,-31.597918465096114
-863.9495446612154,-812.3952709524804,-31.771922470183984
-863.1060316623334,-811.780279745682,-31.946743032856798
-862.2625186634513,-811.1637864328895,-32.12238147583967
-861.4190056645691,-810.5457910141029,-32.29883911438486
-860.575492665687,-809.926293489322,-32.476117256148044
-859.7319796668048,-809.305293858547,-32.65421720106281
-858.8884666679227,-808.6827921217778,-32.833140241214814
-858.0449536690405,-808.0587882790142,-33.01288766071494
-857.2014406701584,-807.4332823302566,-33.19346073557044
-856.3579276712762,-806.8062742755048,-33.374860733556105
-855.5144146723941,-806.1777641147587,-33.557088914084034
-854.670901673512,-805.5477518480186,-33.74014652807172
-853.8273886746299,-804.9162374752841,-33.92403481781038
-852.9838756757478,-804.2832209965557,-34.10875501683043
-852.1403626768656,-803.6487024118328,-34.294308349767995
-851.2968496779835,-803.0126817211158,-34.48069603222804
-850.4533366791013,-802.3751589244048,-34.667919270648255
-849.6098236802192,-801.7361340216994,-34.8559792621611
-848.766310681337,-801.0956070129998,-35.04487719445434
-847.9227976824549,-800.4535778983061,-35.23461424563138
-847.0792846835727,-799.8100466776182,-35.42519158406964
-846.2357716846906,-799.1650133509359,-35.616610368278145
-845.3922586858084,-798.5184779182598,-35.808871746754264
-844.5487456869263,-797.8704403795894,-36.00197685783877
-843.7052326880442,-797.2209007349247,-36.19592682956995
-842.8617196891621,-796.5698589842659,-36.39072277953689
-842.01820669028,-795.9173151276129,-36.58636581473117
-841.1746936913978,-795.2632691649655,-36.78285703139731
-840.3311806925157,-794.6077210963242,-36.9801975148828
-839.4876676936335,-793.9506709216887,-37.17838833948578
-838.6441546947515,-793.292118641059,-37.377430568302856
-837.8006416958693,-792.6320642544349,-37.577325253074655
-836.9571286969872,-791.9705077618166,-37.77807343403056
-836.113615698105,-791.3074491632044,-37.97967613973246
-835.2701026992229,-790.6428884585978,-38.182134386917
-834.4265897003407,-789.976825647997,-38.38544918033675
-833.5830767014586,-789.3092607314022,-38.58962151260006
-832.7395637025764,-788.6401937088128,-38.79465236400992
-831.8960507036943,-787.9696245802297,-39.00054270240115
-831.0525377048122,-787.2975533456522,-39.207293482976795
-830.20902470593,-786.6239800050803,-39.41490564814315
-829.3655117070479,-785.9489045585146,-39.623380127343246
-828.5219987081657,-785.2723270059546,-39.832717836889636
-827.6784857092837,-784.5942473474004,-40.04291967979543
-826.8349727104015,-783.9146655828517,-40.253986545604135
-825.9914597115194,-783.2335817123092,-40.465919310218524
-825.1479467126372,-782.5509957357724,-40.67871883572798
-824.3044337137551,-781.8669076532412,-40.89238597023437
-823.4609207148729,-781.1813174647161,-41.1069215476772
-822.6174077159908,-780.4942251701968,-41.32232638765694
-821.7738947171088,-779.8056307696834,-41.53860129525726
-820.9303817182266,-779.1155342631755,-41.75574706086587
-820.0868687193445,-778.4239356506735,-41.97376445999439
-819.2433557204623,-777.7308349321775,-42.19265425309597
-818.3998427215802,-777.036232107687,-42.41241718538315
-817.556329722698,-776.3401271772025,-42.63305398664262
-816.7128167238159,-775.6425201407237,-42.85456537105012
-815.8693037249337,-774.9434109982508,-43.076952036982924
-815.0257907260516,-774.2427997497837,-43.300214666831735
-814.1822777271694,-773.5406863953226,-43.52435392681059
-813.3387647282873,-772.8370709348669,-43.74937046676629
-812.4952517294053,-772.1319533684173,-43.97526491998506
-811.6517387305231,-771.4253336959734,-44.20203790299968
-810.808225731641,-770.7172119175355,-44.429690015393255
-809.9647127327588,-770.0075880331033,-44.65822183960343
-809.1211997338767,-769.2964620426769,-44.88763394072382
-808.2776867349945,-768.5838339462562,-45.1179268663049
-807.4341737361124,-767.8697037438415,-45.349101146152925
-806.5906607372302,-767.1540714354323,-45.58115729212816
-805.7471477383481,-766.4369370210293,-45.81409579794083
-804.9036347394659,-765.7183005006318,-46.04791713894643
-804.0601217405838,-764.9981618742404,-46.28262177193895
-803.2166087417016,-764.2765211418546,-46.51821013494347
-802.3730957428195,-763.5533783034746,-46.75468264700623
-801.5295827439375,-762.8287333591006,-46.9920397079846
-800.6860697450553,-762.1025863087323,-47.230281698334466
-799.8425567461732,-761.3749371523697,-47.469408978896645
-798.999043747291,-760.645785890013,-47.70942189068205
-798.1555307484089,-759.9151325216621,-47.95032075465492
-797.3120177495267,-759.1829770473171,-48.192105871515
-796.4685047506447,-758.4493194669781,-48.43477752147808
-795.6249917517625,-757.7141597806444,-48.6783359640552
-794.7814787528804,-756.9774979883168,-48.92278143782996
-793.9379657539982,-756.239334089995,-49.168114160235056
-793.0944527551161,-755.4996680856789,-49.41433432732668
-792.250939756234,-754.7584999753687,-49.66144211355768
-791.4074267573518,-754.0158297590644,-49.90943767154961
-790.5639137584697,-753.2716574367657,-50.15832113186253
-789.7204007595875,-752.5259830084731,-50.40809260276381
-788.8768877607054,-751.778806474186,-50.65875216999541
-788.0333747618232,-751.0301278339048,-50.910299896539456
-787.1898617629411,-750.2799470876296,-51.16273582238266
-786.346348764059,-749.52826423536,-51.41605996427852
-785.5028357651769,-748.7750792770964,-51.6702723155089
-784.6593227662947,-748.0203922128385,-51.92537284564351
-783.8158097674126,-747.2642030425864,-52.181361500297825
-782.9722967685304,-746.50651176634,-52.4382382008899
-782.1287837696483,-745.7473183840996,-52.69600284439517
-781.2852707707661,-744.9866228958649,-52.954655303100076
-780.4417577718841,-744.2244253016361,-53.21419542435395
-779.598244773002,-743.4607256014131,-53.47462303031938
-778.7547317741198,-742.6955237951959,-53.73593791772119
-777.9112187752377,-741.9288198829845,-53.99813985759353
-777.0677057763555,-741.160613864779,-54.26122859502584
-776.2241927774734,-740.390905740579,-54.52520384890683
-775.3806797785912,-739.6196955103851,-54.79006531166706
-774.5371667797091,-738.8469831741968,-55.05581264902044
-773.6936537808269,-738.0727687320143,-55.322445499703065
-772.8501407819448,-737.2970521838379,-55.58996347521163
-772.0066277830626,-736.5198335296673,-55.858366159539514
-771.1631147841805,-735.741112769502,-56.127653108911744
-770.3196017852983,-734.9608899033431,-56.397823851517884
-769.4760887864163,-734.1791649311899,-56.66887788724397
-768.6325757875342,-733.3959378530424,-56.9408146874025
-767.789062788652,-732.6112086689006,-57.21363369446066
-766.9455497897699,-731.8249773787647,-57.487334321767136
-766.1020367908877,-731.0372439826347,-57.761915953277786
-765.2585237920056,-730.2480084805104,-58.037377943279026
-764.4150107931234,-729.457270872392,-58.31371961610987
-763.5714977942413,-728.6650311582794,-58.59094026588253
-762.7279847953591,-727.8712893381723,-58.86903915620148
-761.884471796477,-727.0760454120714,-59.14801551988026
-761.0409587975948,-726.2792993799762,-59.42786855865758
-760.1974457987128,-725.4810512418869,-59.708597442911575
-759.3539327998307,-724.6813009978032,-59.990201311371784
-758.5104198009485,-723.8800486477255,-60.27267927083035
-757.6669068020664,-723.0772941916537,-60.556030395851394
-756.8233938031842,-722.2730376295874,-60.84025372847863
-755.9798808043021,-721.467278961527,-61.12534827794134
-755.1363678054199,-720.6600181874726,-61.411313020358875
-754.2928548065379,-719.851255307424,-61.69814689844381
-753.4493418076557,-719.0409903213808,-61.98584882120318
-752.6058288087736,-718.2292232293439,-62.27441766363749
-751.7623158098914,-717.4159540313126,-62.56385226644002
-750.9188028110093,-716.6011827272871,-62.854151435692096
-750.0752898121272,-715.7849093172674,-63.14531394255869
-749.231776813245,-714.9671338012536,-63.43733852298131
-748.3882638143629,-714.1478561792455,-63.73022387737014
-747.5447508154807,-713.3270764512433,-64.02396867029358
-746.7012378165986,-712.504794617247,-64.31857153016696
-745.8577248177164,-711.6810106772562,-64.61403104893948
-745.0142118188343,-710.8557246312714,-64.91034578177924
-744.1706988199521,-710.0289364792925,-65.20751424675733
-743.3271858210701,-709.2006462213194,-65.50553492452953
-742.4836728221879,-708.3708538573519,-65.80440625801697
-741.6401598233058,-707.5395593873905,-66.104126652085
-740.7966468244236,-706.7067628114346,-66.40469447322076
-739.9531338255415,-705.8724641294846,-66.70610804920834
-739.1096208266595,-705.0366633415406,-67.00836566880363
-738.2661078277772,-704.1993604476022,-67.31146558140658
-737.4225948288952,-703.3605554476699,-67.61540599673185
-736.579081830013,-702.5202483417431,-67.92018508447921
-735.7355688311309,-701.6784391298222,-68.22580097400021
-734.8920558322487,-700.8351278119071,-68.53225175396558
-734.0485428333666,-699.9903143879978,-68.83953547202916
-733.2050298344844,-699.1439988580944,-69.1476501344915
-732.3615168356023,-698.2961812221968,-69.45659370596142
-731.5180038367201,-697.446861480305,-69.7663641090161
-730.674490837838,-696.596039632419,-70.07695922385956
-729.8309778389558,-695.7437156785388,-70.38837688797967
-728.9874648400737,-694.8898896186643,-70.7006148958039
-728.1439518411917,-694.0345614527957,-71.0136709983526
-727.3004388423094,-693.177731180933,-71.32754290289216
-726.4569258434274,-692.3193988030762,-71.64222827258541
-725.6134128445452,-691.4595643192249,-71.95772472614158
-724.7698998456631,-690.5982277293795,-72.27402983746327
-723.9263868467809,-689.7353890335401,-72.59114113529363
-723.0828738478988,-688.8710482317063,-72.90905610286116
-722.2393608490166,-688.0052053238783,-73.22777217752268
-721.3958478501345,-687.1378603100563,-73.54728675040576
-720.5523348512523,-686.26901319024,-73.8675971660489
-719.7088218523702,-685.3986639644295,-74.18870072204062
-718.8653088534882,-684.526812632625,-74.51059466865708
-718.021795854606,-683.6534591948262,-74.8332762084982
-717.1782828557239,-682.7786036510329,-75.15674249612204
-716.3347698568417,-681.9022460012457,-75.48099063767829
-715.4912568579596,-681.0243862454645,-75.80601769054013
-714.6477438590774,-680.1450243836887,-76.13182066293464
-713.8042308601953,-679.2641604159189,-76.45839651357153
-712.9607178613131,-678.381794342155,-76.78574215127104
-712.117204862431,-677.4979261623967,-77.1138544345902
-711.273691863549,-676.6125558766444,-77.4427301714474
-710.4301788646668,-675.7256834848979,-77.77236611874616
-709.5866658657847,-674.8373089871573,-78.10275898199737
-708.7431528669025,-673.9474323834222,-78.43390541493973
-707.8996398680204,-673.056053673693,-78.76580201915958
-707.0561268691382,-672.1631728579698,-79.09844534370885
-706.2126138702561,-671.2687899362522,-79.43183188472219
-705.3691008713739,-670.3729049085405,-79.76595808503251
-704.5255878724918,-669.4755177748345,-80.10082033378488
-703.6820748736096,-668.5766285351344,-80.4364149660502
-702.8385618747275,-667.6762371894401,-80.77273826243658
-701.9950488758453,-666.7743437377519,-81.10978644869995
-701.1515358769632,-665.870948180069,-81.44755569535383
-700.3080228780811,-664.9660505163924,-81.78604211727654
-699.464509879199,-664.0596507467214,-82.12524177331923
-698.6209968803169,-663.1517488710563,-82.46515066591081
-697.7774838814347,-662.2423448893967,-82.80576474066302
-696.9339708825526,-661.3314388017432,-83.14707988597358
-696.0904578836705,-660.4190306080955,-83.48909193262884
-695.2469448847883,-659.5051203084533,-83.83179665340472
-694.4034318859062,-658.5897079028173,-84.17518976266675
-693.5599188870241,-657.672793391187,-84.5192669159695
-692.7164058881419,-656.7543767735626,-84.8640237096543
-691.8728928892598,-655.8344580499436,-85.20945568044613
-691.0293798903776,-654.9130372203308,-85.55555830504954
-690.1858668914955,-653.9901142847239,-85.90232699974356
-689.3423538926133,-653.0656892431223,-86.24975711997592
-688.4988408937312,-652.139762095527,-86.59784395995531
-687.655327894849,-651.2123328419373,-86.94658275224398
-686.8118148959669,-650.2834014823534,-87.29596866734872
-685.9683018970848,-649.3529680167753,-87.64599681331069
-685.1247888982027,-648.4210324452031,-87.99666223529506
-684.2812758993205,-647.4875947676367,-88.34795991517915
-683.4377629004384,-646.5526549840761,-88.69988477114023
-682.5942499015563,-645.6162130945213,-89.0524316572421
-681.7507369026741,-644.6782690989724,-89.4055953630211
-680.907223903792,-643.738822997429,-89.7593706130715
-680.0637109049098,-642.7978747898917,-90.11375206662935
-679.2201979060277,-641.8554244763602,-90.46873431715693
-678.3766849071457,-640.9114720568346,-90.82431189192516
-677.5331719082635,-639.9660175313145,-91.18047925159638
-676.6896589093814,-639.0190608998005,-91.53723078980565
-675.8461459104992,-638.0706021622923,-91.89456083274202
-675.0026329116171,-637.1206413187895,-92.25246363872915
-674.1591199127349,-636.1691783692929,-92.6109333978045
-673.3156069138528,-635.216213313802,-92.9699642312998
-672.4720939149706,-634.2617461523168,-93.32955019141875
-671.6285809160885,-633.3057768848378,-93.68968526081613
-670.7850679172063,-632.3483055113643,-94.05036335217554
-669.9415549183243,-631.3893320318966,-94.41157830778648
-669.098041919442,-630.4288564464348,-94.77332389912182
-668.25452892056,-629.4668787549788,-95.13559382641444
-667.4110159216779,-628.5033989575286,-95.49838171823332
-666.5675029227957,-627.5384170540842,-95.86168113105987
-665.7239899239136,-626.5719330446457,-96.22548554886367
-664.8804769250314,-625.603946929213,-96.5897883826779
-664.0369639261493,-624.6344587077858,-96.95458297017458
-663.1934509272671,-623.6634683803647,-97.31986257524005
-662.349937928385,-622.6909759469493,-97.68562038754968
-661.5064249295028,-621.7169814075396,-98.05184952214276
-660.6629119306207,-620.741484762136,-98.41854301899752
-659.8193989317385,-619.7644860107382,-98.78569384260595
-658.9758859328565,-618.7859851533462,-99.15329488154836
-658.1323729339742,-617.8059821899596,-99.52133894806843
-657.2888599350922,-616.8244771205793,-99.88981877764769
-656.4453469362101,-615.8414699452046,-100.25872702858143
-655.6018339373279,-614.8569606638357,-100.6280562815528
-654.7583209384459,-613.8709492764729,-100.99779903920881
-653.9148079395636,-612.8834357831156,-101.367947725736
-653.0712949406816,-611.8944201837642,-101.73849468643581
-652.2277819417994,-610.9039024784186,-102.10943218730122
-651.3842689429173,-609.9118826670788,-102.48075241459279
-650.5407559440351,-608.9183607497448,-102.85244747441612
-649.697242945153,-607.9233367264164,-103.22450939229884
-648.8537299462708,-606.9268105970941,-103.59693011276842
-648.0102169473887,-605.9287823617776,-103.96970149893069
-647.1667039485066,-604.9292520204667,-104.34281533204889
-646.3231909496244,-603.9282195731619,-104.71626331112267
-645.4796779507423,-602.9256850198628,-105.09003705246877
-644.6361649518601,-601.9216483605694,-105.46412808930204
-643.7926519529781,-600.916109595282,-105.83852787131637
-642.9491389540958,-599.9090687240002,-106.21322776426813
-642.1056259552138,-598.9005257467245,-106.58821904955835
-641.2621129563316,-597.8904806634544,-106.96349292381804
-640.4185999574495,-596.87893347419,-107.33904049849254
-639.5750869585673,-595.8658841789315,-107.71485279942799
-638.7315739596852,-594.8513327776789,-108.09092076645857
-637.888060960803,-593.835279270432,-108.4672352529945
-637.0445479619209,-592.8177236571912,-108.84378702561189
-636.2010349630389,-591.798665937956,-109.22056676364318
-635.3575219641567,-590.7781061127264,-109.59756505876895
-634.5140089652746,-589.7560441815028,-109.9747724146113
-633.6704959663924,-588.7324801442851,-110.35217924632835
-632.8269829675103,-587.7074140010732,-110.72977588021064
-631.9834699686281,-586.6808457518671,-111.10755255327791
-631.139956969746,-585.6527753966668,-111.48549941287887
-630.2964439708638,-584.6232029354721,-111.86360651629145
-629.4529309719817,-583.5921283682833,-112.24186383032516
-628.6094179730995,-582.5595516951005,-112.62026123092507
-627.7659049742174,-581.5254729159233,-112.99878850277797
-626.9223919753354,-580.4898920307521,-113.37743533891928
-626.0788789764531,-579.4528090395866,-113.75619134034349
-625.2353659775711,-578.414223942427,-114.13504601561475
-624.3918529786889,-577.3741367392731,-114.51398878048111
-623.5483399798068,-576.332547430125,-114.8930089574898
-622.7048269809246,-575.2894560149828,-115.27209577560481
-621.8613139820425,-574.2448624938463,-115.65123836982735
-621.0178009831603,-573.1987668667157,-116.0304257808178
-620.1742879842782,-572.1511691335909,-116.40964695452026
-619.330774985396,-571.1020692944719,-116.78889074178998
-618.4872619865139,-570.0514673493587,-117.16814589802246
-617.6437489876317,-568.9993632982514,-117.54740108278587
-616.8002359887496,-567.9457571411497,-117.92664485945559
-615.9567229898676,-566.8906488780542,-118.30586569485156
-615.1132099909854,-565.8340385089641,-118.68505195887906
-614.2696969921033,-564.7759260338801,-119.06419192417079
-613.4261839932211,-563.7163114528016,-119.44327376573372
-612.582670994339,-562.6551947657292,-119.82228556059758
-611.7391579954569,-561.5925759726626,-120.2012152874669
-610.8956449965747,-560.5284550736017,-120.58005082637676
-610.0521319976926,-559.4628320685465,-120.95877995835016
-609.2086189988105,-558.3957069574974,-121.33739036506061
-608.3651059999283,-557.3270797404539,-121.71586962849703
-607.5215930010462,-556.2569504174162,-122.09420523063194
-606.678080002164,-555.1853189883843,-122.47238455309376
-605.8345670032819,-554.1121854533585,-122.85039487684271
-604.9910540043998,-553.037549812338,-123.2282233818501
-604.1475410055176,-551.9614120653237,-123.60585714678106
-603.3040280066355,-550.8837722123151,-123.9832831486824
-602.4605150077533,-549.8046302533123,-124.36048826267294
-601.6170020088712,-548.7239861883154,-124.73745926163917
-600.7734890099891,-547.6418400173243,-125.11418281593377
-599.9299760111069,-546.5581917403388,-125.49064549307958
-599.0864630122248,-545.4730413573593,-125.86683375747684
-598.2429500133427,-544.3863888683857,-126.24273397011564
-597.3994370144605,-543.2982342734178,-126.61833238829232
-596.5559240155785,-542.2085775724559,-126.99361516533061
-595.7124110166963,-541.1174187654995,-127.3685683503076
-594.8688980178142,-540.0247578525489,-127.7431778877838
-594.0253850189321,-538.9305948336043,-128.1174296175392
-593.1818720200499,-537.8349297086654,-128.49130927431318
-592.3383590211678,-536.7377624777323,-128.8648024875501
-591.4948460222856,-535.6390931408052,-129.23789478114978
-590.6513330234035,-534.5389216978836,-129.61057157322318
-589.8078200245213,-533.4372481489681,-129.98281817585354
-588.9643070256392,-532.3340724940583,-130.35461979486305
-588.120794026757,-531.2293947331541,-130.72596152958477
-587.2772810278749,-530.1232148662559,-131.09682837264
-586.4337680289927,-529.0155328933636,-131.46720520972235
-585.5902550301107,-527.9063488144773,-131.8370768193866
-584.7467420312285,-526.7956626295963,-132.20642787284396
-583.9032290323464,-525.6834743387215,-132.57524293376315
-583.0597160334643,-524.5697839418524,-132.94350645807793
-582.2162030345821,-523.4545914389889,-133.31120279380096
-581.3726900357,-522.3378968301315,-133.67831618084324
-580.5291770368178,-521.2197001152799,-134.04483075084124
-579.6856640379357,-520.1000012944339,-134.41073052698948
-578.8421510390535,-518.9788003675937,-134.77599942388042
-577.9986380401714,-517.8560973347596,-135.14062124735105
-577.1551250412892,-516.7318921959311,-135.5045796943364
-576.3116120424071,-515.6061849511084,-135.86785835273
-575.468099043525,-514.4789756002915,-136.2304407012512
-574.6245860446429,-513.3502641434807,-136.59231010932055
-573.7810730457606,-512.2200505806752,-136.95344983694207
-572.9375600468786,-511.088334911876,-137.3138430345922
-572.0940470479965,-509.9551171370824,-137.67347274311834
-571.2505340491143,-508.82039725629465,-138.0323218936429
-570.4070210502322,-507.6841752695127,-138.39037330747684
-569.56350805135,-506.5464511767366,-138.74760969604043
-568.7199950524679,-505.40722497796605,-139.10401366079202
-567.8764820535857,-504.2664966732016,-139.45956769316544
-567.0329690547036,-503.1242662624429,-139.81425417451547
-566.1894560558214,-501.98053374568985,-140.16805537607186
-565.3459430569394,-500.83529912294284,-140.52095345890177
-564.5024300580574,-499.68856239420165,-140.87293047388115
-563.6589170591751,-498.54032355946606,-141.22396836167488
-562.8154040602931,-497.3905826187365,-141.5740489527254
-561.9718910614108,-496.23933957201257,-141.92315396725178
-561.1283780625288,-495.08659441929467,-142.27126501525595
-560.2848650636466,-493.93234716058237,-142.61836359654043
-559.4413520647645,-492.7765977958759,-142.96443110073403
-558.5978390658823,-491.61934632517523,-143.3094488073276
-557.7543260670002,-490.4605927484806,-143.65339788571993
-556.910813068118,-489.3003370657914,-143.9962593952731
-556.0673000692359,-488.1385792771082,-144.33801428537788
-555.2237870703539,-486.97531938243105,-144.67864339552924
-554.3802740714716,-485.8105573817593,-145.01812745541292
-553.5367610725896,-484.64429327509356,-145.35644708500075
-552.6932480737073,-483.47652706243366,-145.6935827946585
-551.8497350748253,-482.3072587437796,-146.02951498526306
-551.006222075943,-481.1364883191311,-146.3642239483311
-550.162709077061,-479.9642157884887,-146.69768986615827
-549.3191960781788,-478.79044115185206,-147.0298928119702
-548.4756830792967,-477.61516440922105,-147.36081275008414
-547.6321700804145,-476.4383855605961,-147.69042953608215
-546.7886570815324,-475.2601046059767,-148.01872291699632
-545.9451440826502,-474.0803215453632,-148.345672531505
-545.1016310837681,-472.8990363787557,-148.67125791014124
-544.2581180848861,-471.716249106154,-148.9954584755137
-543.4146050860038,-470.5319597275577,-149.31825354253846
-542.5710920871218,-469.3461682429677,-149.6396223186845
-541.7275790882395,-468.158874652383,-149.95954390423083
-540.8840660893575,-466.97007895580464,-150.27799729253636
-540.0405530904752,-465.7797811532316,-150.59496137032264
-539.1970400915932,-464.5879812446649,-150.91041491796918
-538.353527092711,-463.39467923010375,-151.22433660982276
-537.5100140938289,-462.1998751095482,-151.53670501451862
-536.6665010949467,-461.0035688829987,-151.8474985953156
-535.8229880960646,-459.80576055045503,-152.15669571044558
-534.9794750971824,-458.60645011191696,-152.46427461347488
-534.1359620983003,-457.40563756738493,-152.77021345368144
-533.2924490994183,-456.2033229168587,-153.07449027644412
-532.448936100536,-454.9995061603381,-153.37708302364805
-531.605423101654,-453.79418729782356,-153.67796953410212
-530.7619101027717,-452.5873663293146,-153.97712754397304
-529.9183971038897,-451.3790432548117,-154.27453468723232
-529.0748841050074,-450.16921807431436,-154.5701684961196
-528.2313711061254,-448.9578907878231,-154.86400640161915
-527.3878581072432,-447.7450613953374,-155.15602573395302
-526.5443451083611,-446.53072989685757,-155.4462037230885
-525.7008321094789,-445.31489629238354,-155.7345174992619
-524.8573191105968,-444.09756058191533,-156.02094409351636
-524.0138061117148,-442.8787227654532,-156.30546043825726
-523.1702931128327,-441.6583828429966,-156.5880433678226
-522.3267801139505,-440.43654081454565,-156.86866961906915
-521.4832671150684,-439.21319668010096,-157.14731583197525
-520.6397541161862,-437.98835043966164,-157.42395855026055
-519.7962411173041,-436.7620020932284,-157.69857422202122
-518.9527281184219,-435.5341516408007,-157.97113920038285
-518.1092151195398,-434.3047990823793,-158.24162974416924
-517.2657021206577,-433.0739444179633,-158.5100220185899
-516.4221891217755,-431.8415876475533,-158.77629209594286
-515.5786761228934,-430.6077287711489,-159.04041595633635
-514.7351631240113,-429.37236778875035,-159.3023694884272
-513.8916501251291,-428.13550470035784,-159.56212849017743
-513.048137126247,-426.8971395059709,-159.81966866962892
-512.2046241273649,-425.65727220559006,-160.07496564569524
-511.3611111284827,-424.4159027992148,-160.327994948973
-510.5175981296006,-423.17303128684534,-160.57873202257045
-509.6740851307184,-421.9286576684817,-160.8271522229558
-508.8305721318363,-420.6827819441239,-161.07323082082297
-507.98705913295413,-419.43540411377194,-161.3169430019778
-507.14354613407204,-418.1865241774259,-161.5582638682419
-506.3000331351899,-416.93614213508545,-161.79716843837681
-505.45652013630774,-415.6842579867508,-162.03363164902714
-504.6130071374256,-414.43087173242225,-162.26762835568337
-503.76949413854345,-413.17598337209927,-162.4991333336646
-502.9259811396613,-411.919592905782,-162.72812127912076
-502.0824681407792,-410.661700333471,-162.95456681005564
-501.23895514189707,-409.4023056551654,-163.17844446737018
-500.3954421430149,-408.1414088708657,-163.39972871592502
-499.55192914413277,-406.87900998057194,-163.61839394562523
-498.7084161452506,-405.6151089842838,-163.83441447252508
-497.8649031463685,-404.34970588200144,-164.0477645399539
-497.0213901474864,-403.0828006737253,-164.25841831966258
-496.17787714860424,-401.8143933594546,-164.4663499129929
-495.3343641497221,-400.5444839391896,-164.67153335206623
-494.49085115083994,-399.2730724129308,-164.87394260099538
-493.6473381519578,-398.00015878067757,-165.07355155711795
-492.80382515307565,-396.72574304243005,-165.27033405225137
-491.9603121541935,-395.4498251981886,-165.4642638539702
-491.1167991553114,-394.17240524795284,-165.65531466690595
-490.27328615642926,-392.8934831917228,-165.8434601340691
-489.4297731575471,-391.6130590294986,-166.02867383819398
-488.58626015866497,-390.3311327612804,-166.2109293031062
-487.7427471597828,-389.0477043870678,-166.39019999511362
-486.8992341609007,-387.76277390686107,-166.56645932441958
-486.0557211620186,-386.47634132066014,-166.73968064656032
-485.21220816313644,-385.18840662846526,-166.9098372638651
-484.3686951642543,-383.89896983027586,-167.0769024269407
-483.52518216537214,-382.6080309260923,-167.24084933617914
-482.6816691664901,-381.3155899159151,-167.40165114328934
-481.83815616760796,-380.02164679974317,-167.55928095285364
-480.9946431687259,-378.72620157757717,-167.7137118239073
-480.1511301698437,-377.429254249417,-167.86491677154373
-479.3076171709616,-376.13080481526254,-168.01286876854348
-478.46410417207943,-374.8308532751139,-168.15754074702815
-477.6205911731973,-373.52939962897096,-168.29890560013953
-476.77707817431514,-372.2264438768342,-168.4369361837431
-475.93356517543305,-370.921986018703,-168.5716053181575
-475.0900521765509,-369.61602605457756,-168.70288578990863
-474.24653917766875,-368.3085639844579,-168.8307503535099
-473.4030261787866,-366.9995998083443,-168.95517173326763
-472.55951317990446,-365.68913352623633,-169.07612262511236
-471.7160001810223,-364.37716513813416,-169.1935756984563
-470.8724871821402,-363.06369464403815,-169.30750359807664
-470.0289741832581,-361.7487220439475,-169.41787894602507
-469.1854611843759,-360.4322473378628,-169.52467434356393
-468.3419481854938,-359.11427052578404,-169.6278623731285
-467.49843518661163,-357.79479160771086,-169.72741560031602
-466.6549221877295,-356.4738105836435,-169.82330657590182
-465.81140918884734,-355.1513274535822,-169.91550783788202
-464.96789618996524,-353.8273422175266,-170.003991913543
-464.1243831910831,-352.50185487547674,-170.08873132155875
-463.28087019220095,-351.1748654274329,-170.16969857411522
-462.4373571933188,-349.84637387339467,-170.24686617906156
-461.59384419443666,-348.51638021336214,-170.32020664208977
-460.7503311955545,-347.18488444733566,-170.3896924689413
-459.9068181966724,-345.851886575315,-170.4552961676421
-459.06330519779027,-344.51738659729995,-170.51699025076488
-458.2197921989081,-343.1813845132907,-170.57474723771986
-457.376279200026,-341.8438803232875,-170.62853965707353
-456.53276620114383,-340.50487402728993,-170.67834004889562
-455.6892532022617,-339.16436562529816,-170.7241209671343
-454.84574020337953,-337.8223551173123,-170.76585498202024
-454.00222720449744,-336.4788425033323,-170.80351468249876
-453.1587142056153,-335.133827783358,-170.83707267869067
-452.31520120673315,-333.7873109573894,-170.8665016043825
-451.471688207851,-332.4392920254269,-170.89177411954466
-450.62817520896886,-331.08977098746993,-170.91286291287895
-449.7846622100867,-329.7387478435188,-170.92974070439556
-448.9411492112046,-328.38622259357385,-170.94238024801825
-448.09763621232247,-327.03219523763437,-170.9507543342194
-447.2541232134403,-325.6766657757007,-170.9548357926843
-446.4106102145582,-324.319634207773,-170.95459749500435
-445.56709721567603,-322.961100533851,-170.9500123574001
-444.7235842167939,-321.6010647539348,-170.94105334347353
-443.88007121791173,-320.23952686802454,-170.9276934669901
-443.03655821902964,-318.87648687612,-170.90990579469027
-442.1930452201475,-317.51194477822116,-170.88766344913063
-441.34953222126546,-316.1459005743284,-170.86093961155495
-440.5060192223833,-314.7783542644412,-170.82970752479486
-439.66250622350117,-313.40930584856005,-170.79394049620043
-438.8189932246191,-312.0387553266846,-170.7536119006004
-437.97548022573693,-310.6667026988149,-170.70869518329278
-437.1319672268548,-309.2931479649511,-170.65916386306495
-436.28845422797264,-307.91809112509293,-170.60499153524393
-435.4449412290905,-306.5415321792407,-170.54615187477657
-434.60142823020834,-305.16347112739436,-170.48261863933982
-433.75791523132625,-303.78390796955375,-170.4143656724811
-432.9144022324441,-302.40284270571885,-170.3413669067885
-432.07088923356196,-301.0202753358899,-170.26359636709117
-431.2273762346798,-299.63620586006664,-170.18102817369004
-430.38386323579766,-298.2506342782492,-170.093636545618
-429.5403502369155,-296.8635605904377,-170.00139580393076
-428.69683723803337,-295.47498479663193,-169.90428037502724
-427.8533242391513,-294.08490689683197,-169.80226479400042
-427.00981124026913,-292.6933268910378,-169.6953237080179
-426.166298241387,-291.3002447792496,-169.58343187973261
-425.32278524250484,-289.905660561467,-169.4665641907235
-424.4792722436227,-288.50957423769023,-169.34469564496578
-423.63575924474054,-287.1119858079194,-169.21780137233168
-422.79224624585845,-285.71289527215436,-169.08585663212054
-421.9487332469763,-284.31230263039504,-168.94883681661855
-421.10522024809416,-282.91020788264143,-168.80671745468908
-420.261707249212,-281.506611028894,-168.65947421539155
-419.41819425032986,-280.101512069152,-168.50708291163053
-418.5746812514477,-278.6949110034159,-168.34951950383436
-417.73116825256557,-277.2868078316858,-168.1867601036628
-416.8876552536835,-275.8772025539614,-168.0187809777446
-416.04414225480133,-274.46609517024274,-167.84555855144362
-415.2006292559192,-273.0534856805301,-167.66706941265466
-414.35711625703703,-271.639374084823,-167.48329031562812
-413.5136032581549,-270.22376038312177,-167.29419818482359
-412.67009025927274,-268.8066445754265,-167.09977011879212
-411.82657726039065,-267.38802666173706,-166.89998339408734
-410.9830642615085,-265.9679066420532,-166.69481546920497
-410.13955126262636,-264.5462845163754,-166.484243988551
-409.2960382637442,-263.1231602847032,-166.26824678643786
-408.45252526486206,-261.6985339470368,-166.04680189110852
-407.6090122659799,-260.2724055033765,-165.8198875287892
-406.76549926709777,-258.84477495372175,-165.58748212776896
-405.9219862682157,-257.41564229807284,-165.34956432250772
-405.07847326933353,-255.98500753642975,-165.106112957771
-404.2349602704514,-254.5528706687926,-164.8571070927922
-403.39144727156923,-253.11923169516103,-164.60252600546215
-402.5479342726871,-251.6840906155354,-164.3423491965447
-401.70442127380494,-250.24744742991572,-164.0765563939198
-400.86090827492285,-248.80930213830175,-163.80512755685209
-400.0173952760408,-247.3696547406937,-163.52804288028662
-399.17388227715867,-245.92850523709126,-163.2452827991692
-398.3303692782765,-244.48585362749475,-162.9568279927937
-397.4868562793944,-243.04169991190395,-162.66265938917383
-396.6433432805123,-241.59604409031908,-162.3627581694405
-395.79983028163014,-240.1488861627398,-162.0571057722636
-394.956317282748,-238.7002261291666,-161.74568389829918
-394.11280428386584,-237.25006398959897,-161.42847451465988
-393.2692912849837,-235.79839974403717,-161.10545985941005
-392.42577828610155,-234.34523339248142,-160.7766224460844
-391.5822652872194,-232.89056493493126,-160.44194506822976
-390.7387522883373,-231.43439437138704,-160.10141080397034
-389.89523928945516,-229.97672170184865,-159.75500302059515
-389.051726290573,-228.51754692631596,-159.40270537916803
-388.20821329169087,-227.05687004478898,-159.04450183915998
-387.3647002928087,-225.59469105726794,-158.68037666310252
-386.5211872939266,-224.13100996375283,-158.3103144212628
-385.6776742950445,-222.66582676424343,-157.93429999633906
-384.83416129616234,-221.19914145873975,-157.55231858817731
-383.9906482972802,-219.7309540472421,-157.16435571850772
-383.14713529839804,-218.26126452975006,-156.7703972357
-382.3036222995159,-216.79007290626373,-156.37042931953945
-381.46010930063375,-215.31737917678356,-155.96443848602075
-380.6165963017516,-213.84318334130887,-155.55241159216013
-379.7730833028695,-212.36748539984023,-155.1343358408261
-378.92957030398736,-210.89028535237742,-154.71019878558712
-378.0860573051052,-209.4115831989202,-154.27998833557632
-377.24254430622307,-207.9313789394688,-153.8436927603728
-376.3990313073409,-206.44967257402345,-153.40130069489896
-375.5555183084588,-204.9664641025837,-152.95280114433297
-374.7120053095767,-203.48175352514988,-152.4981834890369
-373.86849231069453,-201.99554084172178,-152.03743748949836
-373.0249793118124,-200.5078260522996,-151.57055329128696
-372.18146631293024,-199.01860915688303,-151.0975214300232
-371.3379533140481,-197.5278901554724,-150.61833283636128
-370.49444031516595,-196.0356690480677,-150.13297884098264
-369.65092731628386,-194.5419458346687,-149.64145117960243
-368.8074143174017,-193.0467205152754,-149.14374199798647
-367.96390131851956,-191.54999308988795,-148.63984385697853
-367.1203883196374,-190.05176355850654,-148.12974973753737
-366.27687532075527,-188.5520319211306,-147.6134530457833
-365.4333623218731,-187.0507981777606,-147.09094761805306
-364.589849322991,-185.54806232839655,-146.56222772596232
-363.7463363241089,-184.04382437303832,-146.02728808147558
-362.90282332522673,-182.53808431168568,-145.48612384198273
-362.0593103263446,-181.0308421443391,-144.9387306153812
-361.21579732746244,-179.5220978709981,-144.3851044651633
-360.3722843285803,-178.01185149166292,-143.82524191550777
-359.5287713296983,-176.50010300633403,-143.25913995637552
-358.68525833081617,-174.98685241501062,-142.68679604860733
-357.841745331934,-173.4720997176929,-142.10820812902483
-356.9982323330519,-171.95584491438103,-141.52337461553233
-356.1547193341697,-170.4380880050751,-140.93229441221916
-355.3112063352876,-168.91882898977474,-140.3349669144618
-354.46769333640543,-167.3980678684802,-139.73139201402552
-353.62418033752334,-165.87580464119173,-139.1215701041639
-352.7806673386412,-164.35203930790897,-138.50550208471535
-351.93715433975905,-162.82677186863202,-137.88318936719716
-351.0936413408769,-161.30000232336067,-137.25463387989385
-350.25012834199475,-159.7717306720955,-136.61983807294214
-349.4066153431126,-158.2419569148359,-135.9788049234075
-348.5631023442305,-156.71068105158213,-135.33153794035616
-347.71958934534837,-155.1779030823343,-134.67804116991744
-346.8760763464662,-153.64362300709217,-134.01831920033794
-346.0325633475841,-152.10784082585576,-133.3523771670264
-345.1890503487019,-150.5705565386254,-132.6802207575872
-344.3455373498198,-149.03177014540063,-132.00185621684201
-343.5020243509377,-147.4914816461818,-131.31729035184046
-342.65851135205554,-145.94969104096867,-130.62653053685455
-341.8149983531734,-144.4063983297615,-129.92958471836096
-340.97148535429125,-142.86160351256,-129.22646142000636
-340.1279723554091,-141.31530658936424,-128.5171697475564
-339.28445935652695,-139.76750756017452,-127.80171939382697
-338.4409463576448,-138.2182064249905,-127.08012064359679
-337.5974333587627,-136.66740318381233,-126.35238437849985
-336.75392035988057,-135.11509783664008,-125.61852208189782
-335.9104073609984,-133.56129038347342,-124.87854584372923
-335.0668943621163,-132.0059808243126,-124.13246836533682
-334.2233813632341,-130.44916915915758,-123.38030296426965
-333.379868364352,-128.8908553880085,-122.62206357906051
-332.5363553654699,-127.33103951086525,-121.857764773976
-331.69284236658774,-125.7697215277276,-121.08742174374039
-330.8493293677056,-124.20690143859599,-120.31105031822949
-330.00581636882345,-122.64257924346998,-119.52866696713409
-329.1623033699413,-121.07675494234991,-118.74028880459397
-328.31879037105915,-119.50942853523566,-117.9459335937977
-327.475277372177,-117.94060002212711,-117.14561975154945
-326.6317643732949,-116.37026940302451,-116.33936635280148
-325.78825137441277,-114.79843667792784,-115.52719313514909
-324.9447383755306,-113.22510184683665,-114.70912050328918
-324.1012253766485,-111.6502649097514,-113.88516953344072
-323.2577123777663,-110.07392586667208,-113.0553619777233
-322.4141993788842,-108.49608471759836,-112.21972026849564
-321.5706863800021,-106.9167414625307,-111.37826752265191
-320.72717338111994,-105.33589610146862,-110.53102754587323
-319.8836603822378,-103.75354863441248,-109.67802483683397
-319.04014738335565,-102.16969906136205,-108.81928459136192
-318.1966343844736,-100.58434738231779,-107.95483270655004
-317.3531213855915,-98.99749359727912,-107.08469578481844
-316.5096083867094,-97.40913770624616,-106.20890113792723
-315.6660953878272,-95.81927970921902,-105.32747679093492
-314.8225823889451,-94.2279196061977,-104.44045148610518
-313.97906939006293,-92.63505739718221,-103.54785468675723
-313.1355563911808,-91.04069308217254,-102.64971658106025
-312.29204339229864,-89.44482666116858,-101.74606808577064
-311.4485303934165,-87.84745813417055,-100.83694084990839
-310.60501739453434,-86.24858750117824,-99.92236725837374
-309.7615043956522,-84.64821476219174,-99.00238043550141
-308.91799139677016,-83.0463399172113,-98.07701424855047
-308.074478397888,-81.44296296623656,-97.14630331112897
-307.23096539900587,-79.83808390926754,-96.21028298655278
-306.3874524001237,-78.23170274630422,-95.26898939113457
-305.5439394012416,-76.62381947734696,-94.32245939740392
-304.7004264023594,-75.01443410239528,-93.37073063725474
-303.8569134034773,-73.40354662144944,-92.41384150502194
-303.01340040459513,-71.79115703450952,-91.4518311604811
-302.169887405713,-70.17726534157532,-90.4847395317734
-301.32637440683084,-68.56187154264694,-89.51260731825202
-300.4828614079487,-66.94497563772438,-88.53547599325017
-299.63934840906654,-65.32657762680776,-87.55338780676709
-298.7958354101844,-63.706677509896736,-86.56638578807174
-297.95232241130236,-62.08527528699187,-85.57451374822384
-297.1088094124202,-60.46237095809272,-84.5778162825064
-296.26529641353807,-58.83796452319916,-83.57633877277249
-295.4217834146559,-57.212055982311426,-82.57012738970357
-294.5782704157738,-55.58464533542963,-81.55922909497536
-293.7347574168916,-53.95573258255354,-80.5436916433322
-292.8912444180095,-52.32531772368327,-79.5235635845673
-292.04773141912733,-50.69340075881894,-78.49889426540707
-291.2042184202452,-49.0599816879602,-77.46973383129838
-290.36070542136304,-47.425060511107404,-76.43613322809651
-289.5171924224809,-45.78863722826043,-75.39814420365143
-288.67367942359874,-44.15071183941927,-74.35581930929392
-287.8301664247166,-42.51128434458383,-73.30921190121433
-286.98665342583456,-40.87035474375443,-72.25837614173797
-286.1431404269524,-39.22792303693075,-71.20336700049188
-285.29962742807027,-37.58398922411277,-70.144240255462
-284.4561144291881,-35.938553305300616,-69.08105249394
-283.612601430306,-34.2916152804944,-68.01386111335663
-282.7690884314238,-32.643175149693775,-66.94272432200081
-281.9255754325417,-30.99323291289909,-65.86770113962318
-281.08206243365953,-29.34178857011011,-64.78885139791987
-280.2385494347774,-27.688842121327184,-63.706235740899174
-279.39503643589524,-26.034393566549852,-62.61991562512375
-278.5515234370131,-24.378442905778343,-61.5299533198324
-277.70801043813094,-22.72099013901277,-60.43641190693535
-276.864497439249,-21.06203526625336,-59.339355280883886
-276.0209844403669,-19.40157828749932,-58.238848148409005
-275.1774714414847,-17.7396192027511,-57.13495602813458
-274.3339584426026,-16.076158012008705,-56.02774525005433
-273.49044544372043,-14.411194715272131,-54.91728295487777
-272.6469324448383,-12.744729312541267,-53.80363709323883
-271.80341944595614,-11.07676180381634,-52.686876424770276
-270.959906447074,-9.407292189097234,-51.567070517035916
-270.11639344819184,-7.736320468383838,-50.44428974432487
-269.2728804493097,-6.063846641676378,-49.318605286302684
-268.42936745042755,-4.389870708974513,-48.19008912651857
-267.5858544515454,-2.7143926702785848,-47.05881405076698
-266.74234145266337,-1.0374125255887066,-45.924853645301894
-265.8988284537812,0.6410697250954627,-44.78828229490102
-265.0553154548991,2.3210540817740366,-43.64917518078258
-264.2118024560169,4.002540544446788,-42.50760827836484
-263.3682894571348,5.685529113113603,-41.36365835487592
-262.52477645825263,7.370019787774595,-40.21740296680467
-261.68126345937037,9.05601256843022,-39.068920457195254
-260.83775046048845,10.743507455079111,-37.918289952785294
-259.9942374616062,12.432504447722977,-36.76559136097622
-259.15072446272416,14.123003546360565,-35.61090536665064
-258.3072114638419,15.81500475099267,-34.45431342881714
-257.46369846495986,17.508508061618727,-33.29589777709576
-256.6201854660776,19.203513478239415,-32.13574140803196
-255.77667246719557,20.900021000853712,-30.97392808124547
-254.9331594683133,22.59803062946264,-29.810542315405254
-254.08964646943127,24.297542364065407,-28.645669384035298
-253.246133470549,25.99855620466269,-27.47939531114534
-252.40262047166698,27.70107215125381,-26.31180686668873
-251.55910747278472,29.405090203839677,-25.142991561840134
-250.7155944739028,31.11061036241881,-23.973037644100128
-249.87208147502054,32.81763262699292,-22.802034092214576
-249.0285684761385,34.52615699756075,-21.630070610920143
-248.18505547725624,36.23618347412332,-20.457237625500227
-247.3415424783742,37.94771205667962,-19.283626276163467
-246.49802947949195,39.660742745230436,-18.10932841223189
-245.6545164806099,41.37527553977509,-16.93443658614685
-244.81100348172765,43.09131044031437,-15.759044047283798
-243.96749048284562,44.80884744684727,-14.583244735580418
-243.12397748396336,46.52788655937502,-13.407133274972237
-242.28046448508132,48.24842777789638,-12.230804966638392
-241.43695148619906,49.970471102412375,-11.054355782051832
-240.59343848731703,51.69401653292209,-9.877882355838647
-239.74992548843477,53.419064069426554,-8.701481978438288
-238.90641248955285,55.1456137119244,-7.525252588571044
-238.0628994906706,56.873665460417214,-6.349292765502537
-237.21938649178855,58.60321931490364,-5.173701721116255
-236.3758734929063,60.33427527538481,-3.998579291778464
-235.53236049402426,62.066833341859706,-2.824025930008819
-234.68884749514223,63.80089351432878,-1.6501426959439067
-233.84533449625997,65.53645579279248,-0.47703124860019397
-233.00182149737793,67.27352017725002,0.6952061630662323
-232.15830849849567,69.01208666770208,1.8664667093088374
-231.31479549961364,70.75215526414786,3.0366469889401984
-230.47128250073138,72.49372596658827,4.205643038894284
-229.62776950184946,74.23679877502241,5.373350343989914
-228.7842565029672,75.98137368945117,6.539663846909324
-227.94074350408516,77.72745070987378,7.704477958378703
-227.0972305052029,79.47502983629101,8.867686567565494
-226.25371750632087,81.22411106870197,10.029183052680626
-225.4102045074386,82.97469440710756,11.188860291795175
-224.56669150855657,84.72677985150699,12.346610673866651
-223.7231785096743,86.48036740190093,13.502326109979995
-222.87966551079228,88.2354570582886,14.655898044797613
-222.03615251191002,89.99204882067102,15.80721746822726
-221.19263951302798,91.75014268904704,16.95617492729831
-220.34912651414572,93.50973866341786,18.102660538257417
-219.5056135152637,95.27083674378235,19.246563998873064
-218.66210051638143,97.03343693014148,20.38777460095944
-217.8185875174995,98.79753922249404,21.52618124311141
-216.97507451861725,100.56314362084163,22.661672443657753
-216.13156151973521,102.33025012518289,23.794136353825557
-215.28804852085295,104.09885873551872,24.923460771123672
-214.44453552197092,105.86896945184833,26.04953315293796
-213.60102252308866,107.64058227417257,27.172240630345314
-212.75750952420663,109.41369720249054,28.291470022138277
-211.91399652532436,111.18831423680325,29.407107849069064
-211.07048352644233,112.96443337710963,30.51904034830368
-210.22697052756007,114.74205462341064,31.627153488095814
-209.38345752867804,116.52117797570537,32.731332982669265
-208.53994452979578,118.30180343399473,33.83146430731879
-207.69643153091386,120.08393099827771,34.92743271371984
-206.8529185320316,121.86756066855543,36.019123245456925
-206.00940553314956,123.65269244482693,37.10642075375718
-205.1658925342673,125.43932632709306,38.189209913441786
-204.32237953538527,127.22746231535297,39.2673752390841
-203.478866536503,129.01710040960756,40.34080110138136
-202.63535353762097,130.80824060985583,41.409371743731654
-201.7918405387387,132.60088291609867,42.47297129902478
-200.94832753985668,134.39502732833535,43.531483806634476
-200.10481454097442,136.1906738465666,44.58479322962429
-199.26130154209238,137.98782247079163,45.63278347215129
-198.41778854321012,139.78647320101135,46.67533839708108
-197.5742755443282,141.58662603722445,47.71234184380032
-196.73076254544583,143.38828097943275,48.74367764623693
-195.8872495465639,145.19143802763426,49.76922965107292
-195.04373654768187,146.99609718183024,50.78888173616562
-194.2002235487996,148.8022584420209,51.80251782915822
-193.35671054991758,150.60992180820523,52.810021926291064
-192.51319755103532,152.4190872803842,53.811278111406565
-191.66968455215329,154.22975485855693,54.80617057514402
-190.82617155327102,156.0419245427243,55.794583634329825
-189.982658554389,157.8555963328854,56.77640175155148
-189.13914555550673,159.67077022904118,57.75150955492328
-188.2956325566247,161.48744623119063,58.719791858032664
-187.45211955774244,163.30562433933477,59.68113368007332
-186.60860655886052,165.12530455347235,60.635420266154306
-185.76509355997825,166.9464868736049,61.58253710779338
-184.92158056109622,168.76917129973117,62.52236996357908
-184.07806756221396,170.59335783185202,63.4548048800133
-183.23455456333193,172.41904646996664,64.37972821251887
-182.39104156444967,174.24623721407585,65.29702664662109
-181.54752856556763,176.07493006417883,66.20658721928902
-180.70401556668537,177.90512502027656,67.10829734044461
-179.86050256780334,179.73682208236795,68.00204481462909
-179.01698956892108,181.57002125045392,68.88771786282712
-178.17347657003904,183.40472252453367,69.76520514444472
-177.32996357115678,185.24092590460805,70.63439577943905
-176.48645057227486,187.07863139067598,71.49517937059373
-175.6429375733926,188.91783898273877,72.34744602594198
-174.79942457451057,190.75854868079523,73.19108638132597
-173.9559115756283,192.60076048484638,74.02599162309863
-173.11239857674627,194.44447439489124,74.85205351095533
-172.268885577864,196.28969041093086,75.66916440089938
-171.42537257898198,198.13640853296414,76.47721726833029
-170.58185958009972,199.984628760992,77.2761057312581
-169.73834658121768,201.83435109501363,78.06572407363412
-168.89483358233542,203.68557553502995,78.84596726879813
-168.0513205834534,205.53830208103994,79.61673100303449
-167.20780758457113,207.39253073304468,80.3779116992368
-166.3642945856891,209.24826149104308,81.12940654067147
-165.52078158680683,211.10549435503611,81.87111349484344
-164.6772685879249,212.9642293250226,82.60293133745057
-163.83375558904265,214.8244664010041,83.32475967643111
-162.99024259016062,216.68620558297926,84.03649897609036
-162.14672959127836,218.54944687094905,84.73805058131161
-161.30321659239632,220.41419026491252,85.42931674183762
-160.45970359351406,222.28043576487073,86.11020063662428
-159.61619059463203,224.1481833708226,86.78060639825628
-158.77267759574977,226.01743308276923,87.44043913742478
-157.92916459686774,227.88818490070952,88.08960496745642
-157.08565159798547,229.76043882464444,88.7280110288942
-156.24213859910344,231.63419485457314,89.35556551411817
-155.39862560022118,233.5094529904964,89.97217769200807
-154.55511260133926,235.38621323241324,90.57775793263411
-153.71159960245723,237.26447558032447,91.17221773197875
-152.86808660357497,239.1442400342304,91.75546973667542
-152.02457360469293,241.02550659412998,92.32742776876458
-151.18106060581067,242.90827526002425,92.88800685045855
-150.33754760692864,244.7925460319122,93.43712322890897
-149.49403460804638,246.67831890979494,93.97469440097186
-148.65052160916434,248.5655938936713,94.50063913796164
-147.80700861028208,250.45437098354228,95.01487751039276
-146.96349561140005,252.34465017940704,95.51733091269588
-146.1199826125178,254.23643148126644,96.00792208790831
-145.27646961363587,256.1297148891193,96.4865751523274
-144.4329566147535,258.02450040296736,96.95321562012448
-143.58944361587157,259.9207880228086,97.40777042790745
-142.7459306169893,261.81857774864477,97.85016795923204
-141.90241761810728,263.71786958047466,98.28033806904676
-141.05890461922502,265.61866351829923,98.69821210807252
-140.21539162034298,267.52095956211747,99.10372294710328
-139.37187862146072,269.4247577119304,99.49680500122544
-138.5283656225787,271.330057967737,99.8773942539452
-137.68485262369643,273.23686032953833,100.24542828121974
-136.8413396248144,275.14516479733334,100.60084627538116
-135.99782662593213,277.05497137112303,100.94358906895023
-135.1543136270501,278.96628005090645,101.27359915832747
-134.31080062816784,280.8790908366845,101.5908207273592
-133.46728762928592,282.793403728456,101.89519967076532
-132.62377463040366,284.70921872622245,102.18668361742664
-131.78026163152163,286.6265358299826,102.46522195351909
-130.93674863263936,288.5453550397374,102.73076584549086
-130.09323563375733,290.4656763554859,102.98326826287102
-129.24972263487507,292.3874997772291,103.22268400090546
-128.40620963599304,294.310825304966,103.44896970300782
-127.56269663711078,296.2356529386976,103.66208388302132
-126.71918363822874,298.16198267842293,103.86198694728013
-125.87567063934648,300.08981452414287,104.04864121646439
-125.03215764046445,302.0191484758565,104.2220109472386
-124.18864464158219,303.9499845335648,104.38206235366692
-123.34513164270027,305.88232269726666,104.52876362839511
-122.501618643818,307.81616296696336,104.66208496359275
-121.65810564493597,309.7515053426538,104.78199857164482
-120.81459264605371,311.68834982433884,104.88847870558658
-119.97107964717168,313.6266964120176,104.98150167927092
-119.12756664828942,315.56654510569115,105.06104588726159
-118.28405364940738,317.50789590535834,105.1270918244418
-117.44054065052512,319.45074881102016,105.17962210533116
-116.59702765164309,321.3951038226757,105.21862148310072
-115.75351465276083,323.34096094032594,105.24407686827865
-114.9100016538788,325.28832016396984,105.25597734713685
-114.06648865499653,327.2371814936085,105.25431419975023
-113.2229756561145,329.1875449292408,105.23908091771959
-112.37946265723258,331.139410470867,105.21027322154924
-111.53594965835032,333.0927781184882,105.16788907767058
-110.69243665946829,335.047647872103,105.11192871510278
-109.84892366058602,337.0040197317126,105.04239464174147
-109.00541066170399,338.9618936973159,104.95929166026697
-108.16189766282173,340.9212697689138,104.86262688366247
-107.3183846639397,342.8821479465054,104.7524097503341
-106.47487166505744,344.8445282300917,104.62865203882305
-105.6313586661754,346.80841061967175,104.49136788210198
-104.78784566729314,348.77379511524646,104.34057378144524
-103.9443326684111,350.74068171681483,104.17628861986623
-103.10081966952885,352.70907042437796,103.99853367511032
-102.25730667064693,354.6789612379344,103.80733263219722
-101.41379367176467,356.6503541574859,103.6027115955017
-100.57028067288263,358.623249183031,103.38469910036564
-99.72676767400037,360.59764631457085,103.15332612423089
-98.88325467511834,362.57354555210435,102.9086260972864
-98.03974167623608,364.5509468956326,102.65063491261816
-97.19622867735404,366.52985034515444,102.3793909358563
-96.35271567847178,368.51025590067104,102.09493501430768
-95.50920267958975,370.4921635621813,101.79731048556856
-94.66568968070749,372.4755733296863,101.48656318560555
-93.82217668182545,374.46048520318493,101.16274145629951
-92.97866368294319,376.4468991826783,100.8258961524409
-92.13515068406116,378.4348152681653,100.4760806481719
-91.2916376851789,380.4242334596471,100.11335084286243
-90.44812468629698,382.4151537571222,99.73776516641692
-89.60461168741472,384.40757616059227,99.34938458399886
-88.76109868853268,386.40150067005607,98.94827260016937
-87.91758568965042,388.3969272855146,98.53449526242798
-87.07407269076839,390.39385600696676,98.10812116415167
-86.23055969188613,392.39228683441365,97.66922144691988
-85.3870466930041,394.39221976785416,97.21786980222257
-84.54353369412183,396.3936548072894,96.75414247253944
-83.7000206952398,398.39659195271827,96.27811825178617
-82.85650769635754,400.401031204142,95.78987848511787
-82.0129946974755,402.40697256155926,95.28950706808483
-81.16948169859324,404.4144160249713,94.77709044513004
-80.32596869971132,406.4233615943766,94.25271760742622
-79.48245570082906,408.43380926977704,93.7164800900399
-78.63894270194703,410.4457590511711,93.16847196842157
-77.79542970306477,412.45921093855986,92.60878985420943
-76.95191670418274,414.47416493194225,92.0375328903466
-76.10840370530047,416.4906210313194,91.45480274549855
-75.26489070641844,418.5085792366902,90.86070360777087
-74.42137770753618,420.52803954805574,90.25534217771698
-73.57786470865415,422.54900196541496,89.63882766063269
-72.73435170977189,424.5714664887688,89.0112717581296
-71.89083871088985,426.5954331181164,88.37278865898409
-71.04732571200793,428.6209018534579,87.7234950292544
-70.20381271312567,430.6478726947944,87.06351000166214
-69.36029971424364,432.6763456421245,86.39295516423402
-68.51678671536138,434.70632069544934,85.71195454819463
-67.67327371647934,436.7377978547678,85.0206346151125
-66.82976071759708,438.77077712008105,84.31912424328796
-65.98624771871505,440.8052584913879,83.6075547133852
-65.14273471983279,442.8412419686896,82.8860596932978
-64.29922172095075,444.8787275519848,82.15477522225132
-63.45570872206849,446.9177152412748,81.41383969413116
-62.61219572318646,448.9582050365584,80.66339384004183
-61.7686827243042,451.0001969378368,79.9035807100836
-60.925169725422165,453.0436909451088,79.13454565435528
-60.081656726539904,455.08868705837557,78.35643630316967
-59.238143727657985,457.1351852776357,77.56940254648842
-58.394630728775724,459.18318560289083,76.77359651256543
-57.55111772989369,461.2326880341395,75.96917254580704
-56.70760473101143,463.2836925713831,75.15628718383606
-55.864091732129395,465.33619921462025,74.33509913376886
-55.020578733247135,467.3902079638521,73.50576924769511
-54.1770657343651,469.4457188190776,72.66846049736814
-53.33355273548284,471.5027317802979,71.8233379480959
-52.49003973660081,473.5612468475118,70.9705687318419
-51.646526737718546,475.62126402072045,70.110322019528
-50.80301373883651,477.68278329992273,69.24276899254484
-49.95950073995425,479.74580468511977,68.36808281346629
-49.11598774107233,481.8103281763101,67.4864385959728
-48.27247474219007,483.87635377349557,66.59801337398022
-47.42896174330804,485.9438814766746,65.7029860699821
-46.585448744425776,488.01291128584836,64.80153746259748
-45.74193574554374,490.08344320101577,63.893850153337574
-44.89842274666148,492.1554772221779,62.98010853258343
-44.05490974777945,494.22901334933374,62.06049874478515
-43.21139674889719,496.30405158248425,61.135208652880024
-42.36788375001515,498.3805919216285,60.20442780193683
-41.52437075113289,500.45863436676734,59.268347382026896
-40.68085775225086,502.5381789178999,58.32716019032939
-39.8373447533686,504.6192255750272,57.381060592469694
-38.993831754486564,506.70177433814814,56.43024448310326
-38.1503187556043,508.7858252072638,55.47490924574127
-37.30680575672238,510.87137818237284,54.51525371183186
-36.46329275784035,512.9584332634763,53.551478119094085
-35.61977975895809,515.0469904505745,52.583784069118465
-34.776266760076055,517.1370497436665,51.61237448423726
-33.932753761193794,519.228611142753,50.6374535636661
-33.08924076231176,521.3216746478333,49.659226738936006
-32.2457277634295,523.4162402589084,48.677900628609905
-31.402214764547466,525.5123079759769,47.69368299230177
-30.558701765665205,527.6098777990403,46.70678268399975
-29.71518876678317,529.7089497280973,45.71740960470765
-28.87167576790091,531.8095237631491,44.72577465440614
-28.02816276901899,533.9115999041942,43.732089683351646
-27.18464977013673,536.0151781512343,42.73656744271481
-26.341136771254696,538.1202585042681,41.73942153457494
-25.497623772372435,540.2268409632966,40.74086636127391
-24.6541107734904,542.3349255283188,39.74111707414926
-23.81059777460814,544.4445121993357,38.74038952164618
-22.967084775726107,546.5556009763462,37.73890019683134
-22.123571776843846,548.6681918593514,36.73686618431245
-21.280058777961813,550.7822848483504,35.7345051065794
-20.43654577907955,552.897879943344,34.73203506977731
-19.593032780197518,555.0149771443313,33.7296746089281
-18.749519781315257,557.1335764513133,32.72764263260778
-17.906006782433337,559.2536778642886,31.726158367102382
-17.062493783550963,561.3752813832593,30.72544130004358
-16.218980784669043,563.4983870082232,29.72571112355595
-15.375467785786782,565.6229947391819,28.727187676908954
-14.531954786904748,567.7491045761343,27.73009088871052
-13.688441788022487,569.8767165190815,26.734640718642993
-12.844928789140454,572.0058305680222,25.741057098762553
-12.001415790258193,574.1364467229579,24.74955987437848
-11.15790279137616,576.268564983887,23.760368744528837
-10.314389792493898,578.4021853508109,22.77370320206753
-9.470876793611865,580.5373078237285,21.789782473383518
-8.627363794729831,582.6739324026402,20.80882545776618
-7.78385079584757,584.8120590875467,19.831050666437882
-6.94033779696565,586.9516878784465,18.85667616127084
-6.096824798083389,589.0928187753414,17.8859194932051
-5.253311799201356,591.2354517782298,16.918997640392387
-4.409798800319095,593.3795868871132,15.956126946076818
-3.5662858014370613,595.52522410199,14.997523056241487
-2.7227728025548004,597.6723634228616,14.043400857031624
-1.8792598036727668,599.8210048497269,13.093974411984108
-1.0357468047905058,601.9711483825869,12.149456899075352
-0.19223380590847228,604.1227940214405,11.210060547615429
0.6512791929737887,606.275941766289,10.275996575003957
1.4947921918558222,608.4305916171309,9.347475123376064
2.338305190738083,610.5867435739676,8.424705196151573
3.181818189620003,612.7443976367978,7.507894594520131
4.025331188502264,614.9035538056229,6.597249853873267
4.868844187384298,617.0642120804416,5.69297618021793
5.7123571862665585,619.2263724612552,4.795277386582982
6.555870185148592,621.3900349480623,3.904355829452709
7.399383184030853,623.5551995408642,3.020412345240736
8.242896182912887,625.7218662396598,2.143646186838266
9.086409181795148,627.8900350444501,1.2742549602511613
9.929922180677181,630.0597059552339,0.41243456135723555
10.773435179559442,632.2308789720126,-0.44162088719615333
11.616948178441476,634.4035540947849,-1.2877190989252991
12.460461177323737,636.5777313235519,-2.125669686255913
13.30397417620577,638.7534106583125,-2.9552842230469576
14.147487175088031,640.930592099068,-3.776376306877914
14.991000173969951,643.1092756458168,-4.58876162106324
15.834513172852212,645.2894612985605,-5.392257996378627
16.678026171734246,647.4711490572979,-6.186685472463564
17.521539170616506,649.6543389220301,-6.971866358883526
18.36505216949854,651.8390308927559,-7.747625295816883
19.2085651683808,654.0252249694764,-8.513789314348406
20.052078167262835,656.2129211521906,-9.270187896335553
20.895591166145095,658.4021194408996,-10.016653033828128
21.73910416502713,660.5928198356021,-10.753019288007296
22.58261716390939,662.7850223362993,-11.479123847626145
23.426130162791424,664.9787269429903,-12.194806586915018
24.269643161673685,667.173933655676,-12.899910122935015
25.113156160555604,669.370642474355,-13.59427987234275
25.956669159437865,671.5688533990291,-14.277764107550723
26.8001821583199,673.7685664296968,-14.950214012242908
27.64369515720216,675.9697815663592,-15.611483736233346
28.487208156084193,678.1724988090152,-16.261430449627596
29.330721154966454,680.3767181576661,-16.899914396270397
30.174234153848488,682.5824396123105,-17.526798946444956
31.01774715273075,684.7896631729498,-18.141950648803267
31.861260151612782,686.9983888395825,-18.74523928149476
32.704773150494816,689.2086166122095,-19.336537902473395
33.54828614937708,691.4203464908313,-19.91572289894923
34.391799148259,693.6335784754464,-20.48267403596285
35.23531214714137,695.8483125660568,-21.037274504056633
36.07882514602329,698.0645487626603,-21.579410966010723
36.92233814490555,700.2822870652589,-22.108973602626307
37.765851143787586,702.501527473851,-22.625856157521433
38.60936414266985,704.7222699884379,-23.12995598092113
39.45287714155188,706.9445146090184,-23.621174072409154
40.29639014043414,709.1682613355937,-24.09941512262189
41.139903139316175,711.3935101681626,-24.564587553856
41.983416138198436,713.6202611067263,-25.016603559564707
42.82692913708047,715.8485141512834,-25.45537914271973
43.67044213596273,718.0782693018356,-25.880834153012255
44.513955134844764,720.3095265583812,-26.29289232287011
45.357468133727025,722.5422859209216,-26.69148130226759
46.200981132608945,724.7765473894553,-27.076532692301733
47.044494131491206,727.0123109639842,-27.44798207751576
47.88800713037324,729.2495766445065,-27.805769056941905
48.7315201292555,731.4883444310237,-28.149837273845748
49.575033128137534,733.7286143235345,-28.4801344441455
50.418546127019795,735.9703863220401,-28.79661238348848
51.26205912590183,738.2136604265393,-29.099227032959316
52.10557212478409,740.4584366370332,-29.38793848340201
52.94908512366612,742.7047149535207,-29.662710998332685
53.792598122548384,744.9524953760031,-29.923513035426115
54.63611112143042,747.201777904479,-30.170317266551052
55.47962412031268,749.4525625389497,-30.403100596341922
56.3231371191946,751.7048492794137,-30.62184417928148
57.16665011807686,753.9586381258728,-30.826533435281334
58.01016311695889,756.2139290783255,-31.017158063739096
58.853676115841154,758.4707221367728,-31.193712056057507
59.69718911472319,760.7290173012138,-31.356193706607083
60.54070211360545,762.9888145716498,-31.50460562211736
61.38421511248748,765.2501139480792,-31.63895472948071
62.22772811136974,767.5129154305034,-31.759252281954623
63.071241110251776,769.7772190189212,-31.865513863746603
63.91475410913404,772.0430247133338,-31.957759392970488
64.75826710801607,774.3103325137399,-32.03601312295895
65.60178010689833,776.5791424201409,-32.10030364192137
66.44529310578037,778.8494544325355,-32.15066387093454
67.28880610466263,781.1212685509249,-32.18713106025626
68.13231910354455,783.3945847753075,-32.209746783950365
68.9758321024268,785.6694031056852,-32.21855693281498
69.81934510130884,787.9457235420565,-32.21361170560403
70.6628581001911,790.2235460844227,-32.19496559853506
71.50637109907314,792.5028707327824,-32.16267739307509
72.34988409795517,794.7836974871362,-32.11681014199884
73.19339709683743,797.0660263474849,-32.0574311537129
74.03691009571946,799.3498573138272,-31.984611974841616
74.88042309460172,801.6351903861643,-31.898428371069812
75.72393609348376,803.9220255644949,-31.798960306239653
76.56744909236602,806.2103628488203,-31.68629191969884
77.41096209124794,808.5002022391391,-31.560511501898542
78.2544750901302,810.7915437354528,-31.421711468240222
79.09798808901223,813.0843873377603,-31.269988331171746
79.9415010878945,815.3787330460625,-31.105442670533034
80.78501408677653,817.6745808603582,-30.92817910215376
81.62852708565879,819.9719307806488,-30.73830624470521
82.47204008454082,822.2707828069329,-30.535936684810395
83.31555308342308,824.5711369392119,-30.321186940416325
84.15906608230512,826.8729931774844,-30.09417742243454
85.00257908118738,829.1763515217517,-29.85503239465526
85.84609208006941,831.4812119720127,-29.603879931943457
86.68960507895167,833.7875745282684,-29.340851876723878
87.5331180778337,836.0954391905176,-29.066083793765394
88.37663107671597,838.4048059587617,-28.779714923273062
89.22014407559789,840.7156748329991,-28.481888132300945
90.06365707448015,843.0280458132315,-28.172749864494826
90.90717007336218,845.3419188994576,-27.852450088181314
91.75068307224444,847.6572940916785,-27.5211422428132
92.59419607112648,849.9741713898928,-27.178983183789303
93.43770907000874,852.2925507941021,-26.826133125661503
94.28122206889077,854.6124323043049,-26.462755583748873
95.12473506777303,856.9338159205025,-26.08901731417292
95.96824806665506,859.2567016426937,-25.705088252336466
96.81176106553733,861.5810894708796,-25.311141449861616
97.65527406441936,863.9069794050592,-24.907353010011366
98.49878706330162,866.2343714452336,-24.493902021612893
99.34230006218354,868.5632655914012,-24.07097049150759
100.1858130610658,870.8936618435639,-23.638743275548656
101.02932605994783,873.2255602017203,-23.19740800817407
101.8728390588301,875.5589606658714,-22.74715503057602
102.71635205771213,877.8938632360162,-22.28817731749677
103.55986505659439,880.2302679121556,-21.820670402675233
104.40337805547642,882.5681746942887,-21.344832302974517
105.24689105435868,884.9075835824165,-20.860863441217404
106.09040405324072,887.248494576538,-20.368966567762467
106.93391705212298,889.5909076766543,-19.86934668084711
107.77743005100501,891.9348228827641,-19.36221094573498
108.62094304988727,894.2802401948686,-18.84776861269479
109.4644560487692,896.6271596129666,-18.32623093384875
110.30796904765157,898.9755811370599,-17.797811078919793
111.15148204653349,901.3255047671462,-17.26272404991971
111.99499504541575,903.6769305032276,-16.721186594805474
112.83850804429778,906.0298583453025,-16.173417120149622
113.68202104317982,908.3842882933716,-15.619635602854096
114.52553404206208,910.7402203474356,-15.06006350095274
115.36904704094411,913.0976545074932,-14.494923663537676
116.21256003982637,915.4565907735455,-13.924440239849595
117.0560730387084,917.8170291455914,-13.34883858757615
117.89958603759067,920.1789696236322,-12.768345180394114
118.7430990364727,922.5424122076663,-12.183187514804573
119.58661203535496,924.9073568976955,-11.593594016297072
120.43012503423688,927.2738036937178,-10.99979394489235
121.27363803311914,929.6417525957353,-10.402017300101122
122.11715103200117,932.0112036037464,-9.800494725352998
122.96066403088344,934.3821567177522,-9.195457411929958
123.80417702976547,936.7546119377516,-8.587137002460672
124.64769002864773,939.1285692637459,-7.975765494014496
125.49120302752976,941.5040286957337,-7.3615751408477905
126.33471602641202,943.8809902337163,-6.744798356846417
127.17822902529406,946.2594538776924,-6.125667617714743
128.02174202417632,948.6394196276634,-5.504415362959637
128.86525502305835,951.020887483628,-4.881273897717207
129.7087680219406,953.4038574455874,-4.256475294473589
130.55228102082253,955.78832951354,-3.630251294728744
131.3957940197048,958.1743036874877,-3.0028332106521844
132.23930701858683,960.561779967429,-2.3744518267861316
133.0828200174691,962.9507583533652,-1.745337301839328
133.92633301635112,965.3412388452948,-1.1157190706312754
134.76984601523338,967.7332214432193,-0.4858257462299491
135.61335901411542,970.1267061471374,0.14411497765683734
136.45687201299768,972.5216929570503,0.7738764239928422
137.3003850118797,974.9181818729567,1.403233029367815
138.14389801076197,977.316172894858,2.031960440550332
138.987411009644,979.7156660227529,2.6598356105789858
139.83092400852627,982.1166612566424,3.286636894347035
140.6744370074083,984.5191585965256,3.9121441436213544
141.51795000629056,986.9231580424037,4.536138801450175
142.36146300517248,989.328659594275,5.15840399589962
143.20497600405474,991.7356632521413,5.778724633075651
144.04848900293678,994.1441690160013,6.396887489369195
144.89200200181904,996.5541768858561,7.012681302882429
145.73551500070107,998.9656868617044,7.6258968639762035
146.57902799958333,1001.3786989435475,8.23632710489365
147.42254099846537,1003.7932131313843,8.843767188401134
148.26605399734763,1006.2092294252159,9.448014595404663
149.10956699622966,1008.6267478250409,10.048869211480895
149.95307999511192,1011.0457683308608,10.64613341228156
150.79659299399395,1013.4662909426743,11.23961214775374
151.64010599287622,1015.8883156604827,11.829113025132134
152.48361899175814,1018.311842484284,12.414446390648397
153.3271319906404,1020.7368714140807,12.995425409916507
154.17064498952243,1023.163402449871,13.571866146935538
155.01415798840446,1025.5914355916555,14.143587641673967
155.85767098728672,1028.0209708394348,14.710411986177892
156.70118398616876,1030.4520081932073,15.272164399164204
157.54469698505102,1032.884547652975,15.828673299049685
158.38820998393305,1035.3185892187362,16.379770375370818
159.2317229828153,1037.7541328904922,16.92529065855158
160.07523598169735,1040.1911786682417,17.465072587973573
160.9187489805796,1042.629726551986,17.998958078310302
161.76226197946153,1045.0697765417237,18.52679258407541
162.6057749783439,1047.5113286374567,19.048425162354743
163.44928797722582,1049.954382839183,19.563708533671495
164.29280097610808,1052.398939146904,20.072499140954395
165.13631397499012,1054.8449975606186,20.574657206563238
165.97982697387238,1057.292558080328,21.07004678734126
166.8233399727544,1059.7416207060312,21.558535827652126
167.66685297163667,1062.1921854377292,22.039996210372536
168.5103659705187,1064.6442522754205,22.514303805800978
169.35387896940097,1067.097821219107,22.98133851845424
170.197391968283,1069.5528922687868,23.440984331717516
171.04090496716526,1072.0094654244613,23.89312935031895
171.8844179660473,1074.4675406861295,24.337665840599094
172.72793096492956,1076.9271180537926,24.774490268546934
173.57144396381148,1079.3881975274487,25.20350333557677
174.41495696269374,1081.8507791071002,25.624610012021275
175.25846996157577,1084.314862792745,26.037719568312728
176.10198296045803,1086.7804485843849,26.442745603837132
176.94549595934006,1089.2475364820182,26.83960607343163
177.78900895822233,1091.7161264856463,27.22822331151325
178.63252195710436,1094.1862185952682,27.6085240538143
179.47603495598662,1096.6578128108847,27.98043945671221
180.31954795486865,1099.1309091324947,28.343905114134465
181.16306095375091,1101.6055075600998,28.69886107202931
182.00657395263295,1104.0816080936982,29.04525184038519
182.8500869515152,1106.5592107332914,29.383026402791284
183.69359995039713,1109.0383154788778,29.712138223528466
184.5371129492794,1111.5189223304596,30.03254525218408
185.38062594816142,1114.001031288035,30.344209925782252
186.22413894704368,1116.4846423516049,30.647099168428632
187.06765194592572,1118.9697555211685,30.941184388462744
187.91116494480798,1121.4563707967268,31.226441473121003
188.75467794369,1123.9444881782788,31.50285078070597
189.59819094257227,1126.4341076658256,31.770397130268634
190.4417039414543,1128.925229259366,32.02906978880369
191.28521694033657,1131.4178529589012,32.27886245596579
192.1287299392186,1133.91197876443,32.51977324631158
192.97224293810086,1136.4076066759535,32.75180466907836
193.8157559369829,1138.9047366934706,32.974963605508016
194.65926893586516,1141.4033688169827,33.18926128372954
195.50278193474708,1143.903503046488,33.39471325121251
196.3462949336291,1146.4051393819875,33.591339344808894
197.18980793251137,1148.908277823482,33.77916365839849
198.0333209313934,1151.4129183709701,33.95821450815724
198.87683393027567,1153.919061024453,34.12852439546957
199.72034692915759,1156.426705783929,34.2901299675063
200.56385992803985,1158.9358526494002,34.443071975491954
201.40737292692188,1161.446501620865,34.58739523068641
202.25088592580414,1163.9586526983248,34.72314855810943
203.09439892468617,1166.472305881778,34.8503847480345
203.93791192356844,1168.9874611712262,34.96916050528494
204.78142492245047,1171.5041185666678,35.07953639636144
205.62493792133273,1174.022278068104,35.18157679443675
206.46845092021476,1176.5419396755342,35.275349822251215
207.31196391909702,1179.0631033889588,35.36092729294619
208.15547691797906,1181.585769208377,35.43838464887351
208.99898991686132,1184.1099371337905,35.507800898420584
209.84250291574335,1186.6356071651971,35.569258550892066
210.6860159146256,1189.1627793025987,35.62284354949078
211.52952891350765,1191.6914535459937,35.668645202441986
212.3730419123899,1194.2216298953836,35.706756112306294
213.21655491127194,1196.753308350767,35.737272103527815
214.0600679101542,1199.2864889121454,35.760292148266075
214.90358090903624,1201.8211715795173,35.77591829056081
215.7470939079185,1204.357356352884,35.78425556888056
216.59060690680053,1206.895043232244,35.78541193710685
217.4341199056828,1209.4342322175992,35.77949818400731
218.27763290456483,1211.9749233089478,35.76662785125221
219.1211459034471,1214.5171165062911,35.74691715002951
219.96465890232912,1217.0608118096281,35.720484876315616
220.80817190121138,1219.60600921896,35.687452324859066
221.6516849000932,1222.1527087342847,35.64794320193618
222.49519789897545,1224.7009103556047,35.602083536937926
223.33871089785748,1227.2506140829187,35.550001592849554
224.18222389673974,1229.801819916227,35.49182777568317
225.02573689562178,1232.3545278555293,35.427694542927156
225.86924989450404,1234.9087379008263,35.35773631107409
226.71276289338607,1237.4644500521167,35.28208936229267
227.55627589226833,1240.021664309402,35.20089175030682
228.39978889115037,1242.580380672681,35.11428320554843
229.24330189003263,1245.1405991419547,35.022405039649115
230.08681488891466,1247.702319717222,34.925400049337306
230.93032788779692,1250.265542398484,34.82341241980835
231.77384088667895,1252.8302671857396,34.716587627634496
232.61735388556122,1255.3964940789901,34.6050723432823
233.46086688444325,1257.964223078234,34.489014333307395
234.3043798833255,1260.533454183473,34.36856236229209
235.14789288220754,1263.1041873947054,34.24386609459803
235.9914058810898,1265.6764227119324,34.1150759960001
236.83491887997184,1268.2501601351532,33.98234323527181
237.67843187885387,1270.8253996643684,33.845819585791574
238.52194487773613,1273.402141299578,33.705657327238065
239.36545787661817,1275.9803850407814,33.56200914744493
240.20897087550043,1278.5601308879795,33.415028044482625
241.05248387438223,1281.1413788411705,33.2648672290375
241.89599687326472,1283.7241289003578,33.11168002715551
242.73950987214653,1286.308381065537,32.955619783420474
243.5830228710288,1288.8941353367122,32.79683976463325
244.42653586991082,1291.4813917138806,32.63549306406095
245.27004886879308,1294.0701501970439,32.47173250632255
246.11356186767512,1296.6604107862008,32.30571055297828
246.95707486655738,1299.2521734813524,32.137579208888155
247.8005878654394,1301.8454382824975,31.967489929406284
248.64410086432167,1304.4402051896377,31.79559352847511
249.4876138632037,1307.0364742027714,31.622040087684166
250.33112686208597,1309.6342453219,31.44697886635626
251.174639860968,1312.2335185470217,31.270558212724776
252.01815285985026,1314.8342938781386,31.092925476262042
252.8616658587323,1317.4365713152488,30.91422692122206
253.70517885761456,1320.040350858354,30.734607641453984
254.5486918564966,1322.6456325074528,30.55421147654891
255.39220485537885,1325.2524162625464,30.373180929373802
256.2357178542609,1327.8607021236335,30.191657085052427
257.07923085314314,1330.4704900907154,30.009779531445805
257.9227438520252,1333.0817801637909,29.82768628118812
258.76625685090744,1335.6945723428614,29.645513695329285
259.6097698497895,1338.3088666279252,29.46339640863748
260.45328284867173,1340.924663018984,29.28146725660886
261.29679584755377,1343.5419615160363,29.099857204235846
262.140308846436,1346.1607621190833,28.918695276578845
262.98382184531783,1348.7810648281231,28.73810849118854
263.8273348442003,1351.4028696431594,28.558221792420902
264.67084784308213,1354.0261765641876,28.379157987689464
265.5143608419644,1356.6509855912116,28.20103768569334
266.3578738408464,1359.277296724229,28.023979236661727
267.2013868397287,1361.905109963241,27.848098674651162
268.0448998386107,1364.534425308247,27.673509661931124
268.888412837493,1367.1652427592476,27.500323435492504
269.731925836375,1369.7975623162415,27.328648755709914
270.5754388352573,1372.4313839792308,27.15859185718797
271.4189518341393,1375.0667077482133,26.990256401821156
272.26246483302157,1377.7035336231907,26.82374343409087
273.1059778319036,1380.3418616041613,26.659151338627133
273.94949083078586,1382.9816916911273,26.4965758000544
274.7930038296679,1385.6230238840865,26.336109765144503
275.63651682855016,1388.2658581830406,26.17784340729314
276.4800298274322,1390.9101945879884,26.02186409333756
277.32354282631445,1393.5560330989308,25.86825635272925
278.1670558251965,1396.2033737158667,25.717101849074417
279.0105688240785,1398.852216438797,25.568479354052023
279.8540818229608,1401.502561267722,25.42246472371833
280.6975948218428,1404.1544082026408,25.279130877203666
281.5411078207251,1406.807757243554,25.138547777805403
282.3846208196071,1409.4626083904611,25.00078241647999
283.22813381848937,1412.118961643363,24.865898797733035
284.0716468173712,1414.7768170022575,24.7339579279061
284.91515981625344,1417.4361744671478,24.60501780585542
285.75867281513547,1420.0970340380316,24.479133416017124
286.60218581401773,1422.7593957149102,24.356356723849604
287.44569881289976,1425.423259497782,24.236736673643914
288.289211811782,1428.0886253866493,24.120319188688427
289.13272481066406,1430.7554933815097,24.00714717377495
289.9762378095463,1433.423863482365,23.897260520028173
290.81975080842835,1436.093735689214,23.790696112041577
291.6632638073106,1438.7651100020576,23.687487837298303
292.50677680619265,1441.437986420895,23.587666597855353
293.3502898050749,1444.112364945727,23.49126032426644
294.19380280395694,1446.7882455765525,23.398293991717534
295.0373158028392,1449.4656283133731,23.30878963834697
295.88082880172124,1452.1445131561873,23.222766385720384
296.7243418006035,1454.824900104996,23.14024046142847
297.56785479948553,1457.5067891597982,23.061225223774386
298.4113677983678,1460.1901803205956,22.985731188515427
299.2548807972498,1462.8750735873864,22.91376605762209
300.0983937961321,1465.5614689601719,22.84533475001576
300.9419067950141,1468.2493664389513,22.780439434244975
301.7854197938964,1470.938766023725,22.71907956305846
302.6289327927784,1473.6296677144926,22.66125190983108
303.4724457916607,1476.322071511255,22.606950606798737
304.3159587905427,1479.0159774140109,22.556167185054825
305.15947178942497,1481.7113854227616,22.508890616261468
306.0029847883068,1484.4082955375052,22.465107356025623
306.84649778718904,1487.1067077582443,22.424801388890355
307.69001078607107,1489.8066220849769,22.387954274889132
308.53352378495333,1492.5080385177043,22.35454519761075
309.37703678383536,1495.2109570564253,22.324551013720388
310.2205497827176,1497.9153777011416,22.297946303882284
311.06406278159966,1500.6213004518509,22.274703425027493
311.9075757804819,1503.328725308555,22.254792563909913
312.75108877936395,1506.037652271253,22.238181791892877
313.5946017782462,1508.7480813399457,22.224837120906606
314.43811477712825,1511.4600125146317,22.21472256051824
315.2816277760105,1514.1734457953128,22.207800176052892
316.12514077489254,1516.8883811819874,22.204030147705684
316.9686537737748,1519.6048186746566,22.2033708305826
317.81216677265684,1522.3227582733198,22.20577881560846
318.6556797715391,1525.0421999779774,22.211208991239243
319.49919277042113,1527.7631437886284,22.219614605915886
320.34270576930317,1530.485589705274,22.230947331196177
321.1862187681854,1533.2095377279145,22.24515732550145
322.02973176706746,1535.9349878565483,22.26219329841398
322.8732447659497,1538.661940091177,22.282002575461476
323.71675776483175,1541.3903944317992,22.304531163324516
324.560270763714,1544.1203508784165,22.32972381540314
325.40378376259605,1546.851809431027,22.357524097678578
326.2472967614783,1549.5847700896325,22.38787445480646
327.0908097603601,1552.3192328542307,22.420716276377846
327.9343227592424,1555.0551977248247,22.455989963284914
328.7778357581244,1557.792664701412,22.49363499412815
329.6213487570067,1560.5316337839945,22.533589991602767
330.4648617558887,1563.27210497257,22.575792788801834
331.30837475477097,1566.0140782671406,22.62018049537499
332.151887753653,1568.7575536677048,22.666689563481288
332.99540075253526,1571.5025311742638,22.71525585347625
333.8389137514173,1574.2490107868161,22.76581469927301
334.68242675029956,1576.9969925053638,22.818300973319186
335.5259397491816,1579.7464763299045,22.872649151130904
336.36945274806385,1582.4974622604404,22.92879337532735
337.2129657469459,1585.2499502969695,22.986667519108998
338.05647874582814,1588.0039404394938,23.046205249125073
338.8999917447102,1590.7594326880114,23.107340087675222
339.74350474359244,1593.516427042524,23.17000547419311
340.5870177424745,1596.2749235030299,23.23413482595947
341.43053074135673,1599.0349220695307,23.29966159799425
342.27404374023877,1601.7964227420252,23.36651934207824
343.117556739121,1604.5594255205147,23.43464176485626
343.96106973800306,1607.3239304049973,23.503962784974725
344.8045827368853,1610.0899373954749,23.574416589208834
345.64809573576736,1612.8574464919461,23.645937687534676
346.4916087346496,1615.6264576944122,23.71846096710452
347.33512173353165,1618.3969710028716,23.79192174508369
348.1786347324139,1621.1689864173263,23.86625582031021
349.0221477312957,1623.9425039377734,23.94139952373873
349.865660730178,1626.7175235642162,24.017289767633372
350.70917372906,1629.4940452966523,24.093864093473883
351.5526867279423,1632.2720691350837,24.171060718543373
352.3961997268243,1635.0515950795082,24.248818581165377
353.23971272570657,1637.8326231299277,24.32707738456177
354.0832257245886,1640.6151532863407,24.405777639302833
354.92673872347086,1643.3991855487488,24.48486070432456
355.7702517223529,1646.1847199171502,24.56426882648804
